year,type,topic,cite_key,title,venue,url,first_citation_location
2017,Constrained generative models,Constrained generative models: autoregressive and sequence-level constraints,anderson2017guided,Guided open vocabulary image captioning with constrained beam search,Proceedings of the 2017 Conference on Empirical Methods in Natural Language Processing,,Sections/Part2.tex:60
2017,Hard-constrained prediction,Hard-constrained prediction: structured feasibility layers,amos2017optnet,Optnet: Differentiable optimization as a layer in neural networks,International Conference on Machine Learning,,Sections/4.Discussion.tex:13
2017,Hard-constrained prediction,Hard-constrained prediction: provable guarantees and verification,tjeng2017evaluating,Evaluating robustness of neural networks with mixed integer programming,arXiv preprint arXiv:1711.07356,https://arxiv.org/pdf/1711.07356,Sections/Part1.tex:109
2018,Constrained generative models,Constrained generative models: autoregressive and sequence-level constraints,post2018fast,Fast lexically constrained decoding with dynamic beam allocation for neural machine translation,"Proceedings of the 2018 Conference of the North American Chapter of the Association for Computational Linguistics: Human Language Technologies, Volume 1 (Long Papers)",,Sections/Part2.tex:60
2018,Hard-constrained prediction,Hard-constrained prediction: provable guarantees and verification,xiao2018training,Training for faster adversarial robustness verification via inducing relu stability,arXiv preprint arXiv:1809.03008,https://arxiv.org/pdf/1809.03008,Sections/Part1.tex:109
2019,Constrained generative models,Constrained generative models: autoregressive and sequence-level constraints,dathathri2019plug,Plug and play language models: A simple approach to controlled text generation,arXiv preprint arXiv:1912.02164,https://arxiv.org/pdf/1912.02164,Sections/Part2.tex:60
2019,Constrained generative models,Constrained generative models: autoregressive and sequence-level constraints,miao2018cgmh,CGMH: Constrained Sentence Generation by Metropolis-Hastings Sampling,Proceedings of the AAAI Conference on Artificial Intelligence,https://arxiv.org/abs/1811.10996,Sections/Part2.tex:60
2019,Hard-constrained prediction,Hard-constrained prediction: post-processing and projection,baker2019learning,Learning warm-start points for AC optimal power flow,2019 IEEE 29th International Workshop on Machine Learning for Signal Processing (MLSP),,Sections/Part1.tex:125
2019,Hard-constrained prediction,Hard-constrained prediction: penalty/adversarial training,cheng2019end,End-to-end safe reinforcement learning through barrier functions for safety-critical continuous control tasks,Proceedings of the AAAI Conference on Artificial Intelligence,,Sections/Part1.tex:50
2019,Hard-constrained prediction,Hard-constrained prediction: post-processing and projection,diehl2019warm,Warm-starting AC optimal power flow with graph neural networks,33rd Conference on Neural Information Processing Systems (NeurIPS 2019),,Sections/Part1.tex:55
2019,Hard-constrained prediction,Hard-constrained prediction: penalty/adversarial training,pan2018deepopf,Deepopf: A deep neural network approach for security-constrained dc optimal power flow,"2019 IEEE International Conference on Communications, Control, and Computing Technologies for Smart Grids (SmartGridComm)",,Sections/3.Application.tex:32
2019,Hard-constrained prediction,Hard-constrained prediction: provable guarantees and verification,qin2019verification,Verification of non-linear specifications for neural networks,arXiv preprint arXiv:1902.09592,https://arxiv.org/pdf/1902.09592,Sections/Part1.tex:109
2020,Application methods,Applications: optimal power flow and power systems,hasan2020survey,A survey on applications of machine learning for optimal power flow,2020 IEEE Texas Power and Energy Conference (TPEC),,Sections/3.Application.tex:32
2020,Hard-constrained prediction,Hard-constrained prediction: structured feasibility layers,donti2021dc3,DC3: A learning method for optimization with hard constraints,arXiv preprint arXiv:2104.12225,https://arxiv.org/pdf/2104.12225,Sections/4.Discussion.tex:27
2020,Hard-constrained prediction,Hard-constrained prediction: provable guarantees and verification,fazlyab2020safety,Safety verification and robustness analysis of neural networks via quadratic constraints and semidefinite programming,IEEE Transactions on Automatic Control,,Sections/Part1.tex:109
2020,Hard-constrained prediction,Hard-constrained prediction: penalty/adversarial training,fioretto2020predicting,Predicting ac optimal power flows: Combining deep learning and lagrangian dual methods,Proceedings of the AAAI Conference on Artificial Intelligence,,Sections/Part1.tex:92
2020,Hard-constrained prediction,Hard-constrained prediction: feasible-set parameterization,frerix2020homogeneous,Homogeneous linear inequality constraints for neural network activations,Proceedings of the IEEE/CVF Conference on Computer Vision and Pattern Recognition Workshops,,Sections/Part1.tex:66
2020,Hard-constrained prediction,Hard-constrained prediction: penalty/adversarial training,pan2020deepopf,Deepopf: A deep neural network approach for security-constrained dc optimal power flow,IEEE Transactions on Power Systems,,Sections/3.Application.tex:32
2020,Hard-constrained prediction,Hard-constrained prediction: provable guarantees and verification,venzke2020learning,Learning optimal power flow: Worst-case guarantees for neural networks,"2020 IEEE International Conference on Communications, Control, and Computing Technologies for Smart Grids (SmartGridComm)",,Sections/Part1.tex:109
2020,Hard-constrained prediction,Hard-constrained prediction: provable guarantees and verification,venzke2020verification,Verification of neural network behaviour: Formal guarantees for power system applications,IEEE Transactions on Smart Grid,,Sections/Part1.tex:109
2020,Hard-constrained prediction,Hard-constrained prediction: penalty/adversarial training,zamzam2020learning,Learning optimal solutions for extremely fast AC optimal power flow,"2020 IEEE International Conference on Communications, Control, and Computing Technologies for Smart Grids (SmartGridComm)",,Sections/Part1.tex:92
2020,Hard-constrained prediction,Hard-constrained prediction: provable guarantees and verification,zhao2020deepopf+,DeepOPF+: A deep neural network approach for DC optimal power flow for ensuring feasibility,"2020 IEEE International Conference on Communications, Control, and Computing Technologies for Smart Grids (SmartGridComm)",,Sections/Part1.tex:52
2021,Application methods,Applications: optimal power flow and power systems,van2021machine,Machine learning for optimal power flows,Tutorials in Operations Research: Emerging Optimization Methods and Modeling Techniques with Applications,,Sections/3.Application.tex:32
2021,Hard-constrained prediction,Hard-constrained prediction: structured feasibility layers,chen2021enforcing,Enforcing policy feasibility constraints through differentiable projection for energy optimization,Proceedings of the Twelfth ACM International Conference on Future Energy Systems,,Sections/4.Discussion.tex:13
2021,Hard-constrained prediction,Hard-constrained prediction: structured feasibility layers,heaton2021feasibility,Feasibility-based fixed point networks,Fixed Point Theory and Algorithms for Sciences and Engineering,,Sections/Part1.tex:165
2021,Hard-constrained prediction,Hard-constrained prediction: penalty/adversarial training,nellikkath2021physics,Physics-informed neural networks for minimising worst-case violations in dc optimal power flow,"2021 IEEE International Conference on Communications, Control, and Computing Technologies for Smart Grids (SmartGridComm)",,Sections/Part1.tex:94
2021,Hard-constrained prediction,Hard-constrained prediction: penalty/adversarial training,nellikkath2021physicsac,Physics-Informed Neural Networks for AC Optimal Power Flow,arXiv preprint arXiv:2110.02672,https://arxiv.org/pdf/2110.02672,Sections/Part1.tex:94
2021,Hard-constrained prediction,Hard-constrained prediction: provable guarantees and verification,sotoudeh2021provable,Provable repair of deep neural networks,Proceedings of the 42nd ACM SIGPLAN international conference on programming language design and implementation,,Sections/Part1.tex:113
2021,Hard-constrained prediction,Hard-constrained prediction: provable guarantees and verification,wang2021beta,Beta-CROWN: Efficient bound propagation with per-neuron split constraints for complete and incomplete neural network verification,Advances in Neural Information Processing Systems,,Sections/Part1.tex:109
2021,Hard-constrained prediction,Hard-constrained prediction: penalty/adversarial training,zhang2021convex,A convex neural network solver for dcopf with generalization guarantees,IEEE Transactions on Control of Network Systems,,Sections/Part1.tex:94
2021,Hard-constrained prediction,Hard-constrained prediction: provable guarantees and verification,zhao2021ensuring,Ensuring DNN solution feasibility for optimization problems with convex constraints and its application to DC optimal power flow problems,arXiv preprint arXiv:2112.08091,https://arxiv.org/pdf/2112.08091,Sections/Part1.tex:111
2021,Hard-constrained prediction,Hard-constrained prediction: feasible-set parameterization,zheng2021safe,Safe reinforcement learning of control-affine systems with vertex networks,Learning for Dynamics and Control,,Sections/Part1.tex:192
2021,Constrained generative models,Constrained generative models: autoregressive and sequence-level constraints,lu2020neurologic,NeuroLogic Decoding: (Un)supervised Neural Text Generation with Predicate Logic Constraints,Proceedings of the 2021 Conference of the North American Chapter of the Association for Computational Linguistics,https://arxiv.org/abs/2010.12884,Sections/Part2.tex:60
2022,Application methods,Applications: physics-constrained learning and generation,ramesh2022hierarchical,Hierarchical text-conditional image generation with clip latents,arXiv preprint arXiv:2204.06125,https://arxiv.org/pdf/2204.06125,Sections/Part2.tex:87
2022,Application methods,Applications: optimal power flow and power systems,wang2022fast,Fast optimal power flow with guarantees via an unsupervised generative model,IEEE Transactions on Power Systems,,Sections/3.Application.tex:32
2022,Application methods,Applications: optimal power flow and power systems,kim2022projectionaware,Projection-aware Deep Neural Network for DC Optimal Power Flow Without Constraint Violations,"2022 IEEE International Conference on Communications, Control, and Computing Technologies for Smart Grids (SmartGridComm)",https://doi.org/10.1109/SmartGridComm52983.2022.9961047,Sections/3.Application.tex:21
2022,Constrained generative models,Constrained generative models: manifold and geometric modeling,huang2022riemannian,Riemannian diffusion models,Advances in Neural Information Processing Systems,,Sections/3.Application.tex:68
2022,Constrained generative models,Constrained generative models: manifold and geometric modeling,thornton2022riemannian,Riemannian diffusion Schrodinger bridge,arXiv preprint arXiv:2207.03024,https://arxiv.org/pdf/2207.03024,Sections/Part2.tex:128
2022,Hard-constrained prediction,Hard-constrained prediction: structured feasibility layers,blondel2022efficient,Efficient and modular implicit differentiation,Advances in neural information processing systems,,Sections/Part1.tex:163
2022,Hard-constrained prediction,Hard-constrained prediction: Lagrangian and primal-dual training,chamon2022constrained,Constrained learning with non-convex losses,IEEE Transactions on Information Theory,,Sections/4.Discussion.tex:13
2022,Constrained generative models,Constrained generative models: guided generation and correction,chung2022improving,Improving diffusion models for inverse problems using manifold constraints,Advances in Neural Information Processing Systems,,Sections/Part2.tex:177
2022,Hard-constrained prediction,Hard-constrained prediction: structured feasibility layers,heaton2022wasserstein,Wasserstein-Based Projections with Applications to Inverse Problems,SIAM Journal on Mathematics of Data Science,,Sections/Part1.tex:165
2022,Hard-constrained prediction,Hard-constrained prediction: penalty/adversarial training,kervadec2022constrained,Constrained deep networks: Lagrangian optimization via log-barrier extensions,2022 30th European Signal Processing Conference (EUSIPCO),,Sections/Part1.tex:50
2022,Hard-constrained prediction,Hard-constrained prediction: penalty/adversarial training,nellikkath2022minimizing,Minimizing worst-case violations of neural networks,arXiv preprint arXiv:2212.10930,https://arxiv.org/pdf/2212.10930,Sections/Part1.tex:94
2022,Hard-constrained prediction,Hard-constrained prediction: structured feasibility layers,pan2022deepopf,DeepOPF: A feasibility-optimized deep neural network approach for AC optimal power flow problems,IEEE Systems Journal,,Sections/3.Application.tex:32
2022,Hard-constrained prediction,Hard-constrained prediction: structured feasibility layers,sun2022alternating,Alternating differentiation for optimization layers,arXiv preprint arXiv:2210.01802,https://arxiv.org/pdf/2210.01802,Sections/Part1.tex:163
2022,Hard-constrained prediction,Hard-constrained prediction: feasible-set parameterization,tabas2022computationally,Computationally efficient safe reinforcement learning for power systems,2022 American Control Conference (ACC),,Sections/Part1.tex:201
2022,Hard-constrained prediction,Hard-constrained prediction: structured feasibility layers,tabas2022safe,Safe and efficient model predictive control using neural networks: An interior point approach,arXiv preprint arXiv:2203.12196,https://arxiv.org/pdf/2203.12196,Sections/4.Discussion.tex:13
2022,Hard-constrained prediction,Hard-constrained prediction: provable guarantees and verification,ul2022learning,Learning neural networks under input-output specifications,2022 American Control Conference (ACC),,Sections/Part1.tex:111
2022,Hard-constrained prediction,Hard-constrained prediction: Lagrangian and primal-dual training,zhang2021learning,Learning to solve the AC optimal power flow via a lagrangian approach,arXiv preprint arXiv:2110.01653,https://arxiv.org/pdf/2110.01653,Sections/Part1.tex:105
2022,Constrained generative models,Constrained generative models: autoregressive and sequence-level constraints,kumar2022gradient,Gradient-Based Constrained Sampling from Language Models,arXiv preprint arXiv:2205.12558,https://arxiv.org/abs/2205.12558,Sections/Part2.tex:60
2023,Application methods,Applications: physics-constrained learning and generation,betker2023improving,Improving image generation with better captions,Computer Science. https://cdn. openai. com/papers/dall-e-3. pdf,,Sections/Part2.tex:87
2023,Application methods,Applications: physics-constrained learning and generation,chi2023diffusion,Diffusion policy: Visuomotor policy learning via action diffusion,The International Journal of Robotics Research,,Sections/Part2.tex:87
2023,Application methods,Applications: trajectory optimization and safe control,ding2023reduced,Reduced Policy Optimization for Continuous Control with Hard Constraints,Thirty-seventh Conference on Neural Information Processing Systems,,Sections/Part1.tex:153
2023,Application methods,Applications: physics-constrained learning and generation,li2023t2t,T2t: From distribution learning in training to gradient search in testing for combinatorial optimization,Advances in Neural Information Processing Systems,,Sections/Part2.tex:87
2023,Application methods,Applications: physics-constrained learning and generation,song2023solving,Solving inverse problems with latent diffusion models via hard data consistency,arXiv preprint arXiv:2307.08123,https://arxiv.org/pdf/2307.08123,Sections/Part2.tex:39
2023,Application methods,Applications: physics-constrained learning and generation,sun2023difusco,DIFUSCO: Graph-based Diffusion Solvers for Combinatorial Optimization,arXiv preprint arXiv:2302.08224,https://arxiv.org/pdf/2302.08224,Sections/Part2.tex:87
2023,Constrained generative models,Constrained generative models: push-forward and normalizing-flow maps,brahmanage2023flowpg,FlowPG: Action-Constrained Policy Gradient with Normalizing Flows,Thirty-seventh Conference on Neural Information Processing Systems,https://openreview.net/forum?id=p1gzxzJ4Y5,Sections/Part2.tex:32
2023,Constrained generative models,Constrained generative models: training and fine-tuning,fan2023optimizing,Optimizing ddpm sampling with shortcut fine-tuning,arXiv preprint arXiv:2301.13362,https://arxiv.org/pdf/2301.13362,Sections/Part2.tex:43
2023,Constrained generative models,Constrained generative models: reflected or constrained-domain sampling,fishman2023diffusion,Diffusion models for constrained domains,arXiv preprint arXiv:2304.05364,https://arxiv.org/pdf/2304.05364,Sections/3.Application.tex:57
2023,Constrained generative models,Constrained generative models: guided generation and correction,liu2023learning,Learning Diffusion Bridges on Constrained Domains,The Eleventh International Conference on Learning Representations,https://openreview.net/forum?id=WH1yCa0TbB,Sections/Part2.tex:144
2023,Constrained generative models,Constrained generative models: autoregressive and sequence-level constraints,geng2023grammar,Grammar-Constrained Decoding for Structured NLP Tasks without Finetuning,Proceedings of the 2023 Conference on Empirical Methods in Natural Language Processing,https://arxiv.org/abs/2305.13971,Sections/Part2.tex:60
2023,Constrained generative models,Constrained generative models: manifold and geometric modeling,lou2023scaling,Scaling riemannian diffusion models,Advances in Neural Information Processing Systems,,Sections/3.Application.tex:68
2023,Constrained generative models,Constrained generative models: push-forward and explicit sample maps,song2023consistency,Consistency Models,International Conference on Machine Learning,,Sections/Part2.tex:38
2023,Constrained generative models,Constrained generative models: manifold and geometric modeling,urain2023se,Se (3)-diffusionfields: Learning smooth cost functions for joint grasp and motion optimization through diffusion,2023 IEEE international conference on robotics and automation (ICRA),,Sections/Part2.tex:121
2023,Constrained generative models,Constrained generative models: manifold and geometric modeling,yim2023se,SE (3) diffusion model with application to protein backbone generation,arXiv preprint arXiv:2302.02277,https://arxiv.org/pdf/2302.02277,Sections/3.Application.tex:68
2023,Hard-constrained prediction,Hard-constrained prediction: provable guarantees and verification,balestriero2023police,POLICE: Provably optimal linear constraint enforcement for deep neural networks,"ICASSP 2023-2023 IEEE International Conference on Acoustics, Speech and Signal Processing (ICASSP)",,Sections/Part1.tex:111
2023,Hard-constrained prediction,Hard-constrained prediction: structured feasibility layers,bolte2023one,One-step differentiation of iterative algorithms,Advances in Neural Information Processing Systems,,Sections/Part1.tex:163
2023,Hard-constrained prediction,Hard-constrained prediction: Lagrangian and primal-dual training,hounie2023resilient,Resilient constrained learning,Advances in Neural Information Processing Systems,,Sections/Part1.tex:101
2023,Hard-constrained prediction,Hard-constrained prediction: Lagrangian and primal-dual training,kim2023self,Self-supervised equality embedded deep lagrange dual for approximate constrained optimization,arXiv preprint arXiv:2306.06674,https://arxiv.org/pdf/2306.06674,Sections/Part1.tex:105
2023,Hard-constrained prediction,Hard-constrained prediction: structured feasibility layers,konstantinov2023new,A new computationally simple approach for implementing neural networks with output hard constraints,Doklady Mathematics,,Sections/Part1.tex:176
2023,Hard-constrained prediction,Hard-constrained prediction: feasible-set parameterization,li2023learning,Learning to solve optimization problems with hard linear constraints,IEEE Access,,Sections/Part1.tex:201
2023,Hard-constrained prediction,Hard-constrained prediction: structured feasibility layers,li2023toward,"Toward Rapid, Optimal, and Feasible Power Dispatch through Generalized Neural Mapping",arXiv preprint arXiv:2311.04838,https://arxiv.org/pdf/2311.04838,Sections/Part1.tex:63
2023,Hard-constrained prediction,Hard-constrained prediction: post-processing and projection,liang2023hp,Low complexity homeomorphic projection to ensure neural-network Solution feasibility for optimization over (non-) convex set,Proceedings of the 40th International Conference on Machine Learning,,Sections/4.Discussion.tex:13
2023,Constrained generative models,Constrained generative models: reflected or constrained-domain sampling,lou2023reflected,Reflected diffusion models,International Conference on Machine Learning,,Sections/Part2.tex:110
2023,Hard-constrained prediction,Hard-constrained prediction: penalty/adversarial training,nellikkath2023enriching,Enriching neural network training dataset to improve worst-case performance guarantees,2023 IEEE Belgrade PowerTech,,Sections/Part1.tex:94
2023,Hard-constrained prediction,Hard-constrained prediction: Lagrangian and primal-dual training,park2022self,Self-supervised primal-dual learning for constrained optimization,Proceedings of the AAAI Conference on Artificial Intelligence,,Sections/4.Discussion.tex:21
2023,Hard-constrained prediction,Hard-constrained prediction: post-processing and projection,sambharya2023end,End-to-end learning to warm-start for real-time quadratic optimization,Learning for Dynamics and Control Conference,,Sections/Part1.tex:125
2023,Hard-constrained prediction,Hard-constrained prediction: provable guarantees and verification,tao2023architecture,Architecture-preserving provable repair of deep neural networks,Proceedings of the ACM on Programming Languages,,Sections/Part1.tex:113
2023,Hard-constrained prediction,Hard-constrained prediction: structured feasibility layers,tordesillas2023rayen,RAYEN: Imposition of Hard Convex Constraints on Neural Networks,arXiv preprint arXiv:2307.08336,https://arxiv.org/pdf/2307.08336,Sections/4.Discussion.tex:13
2023,Hard-constrained prediction,Hard-constrained prediction: structured feasibility layers,zhong2023neural,Neural Fields with Hard Constraints of Arbitrary Differential Order,Thirty-seventh Conference on Neural Information Processing Systems,https://openreview.net/forum?id=oO1IreC6Sd,Sections/Part1.tex:120
2024,Application methods,Applications: physics-constrained learning and generation,abramson2024accurate,Accurate structure prediction of biomolecular interactions with AlphaFold 3,Nature,,Sections/3.Application.tex:68
2024,Application methods,Applications: optimal power flow and power systems,huang2024unsupervised,"Unsupervised Learning for Solving AC Optimal Power Flows: Design, Analysis, and Experiment",IEEE Transactions on Power Systems,,Sections/3.Application.tex:32
2024,Application methods,Applications: optimal power flow and power systems,jiang2024advancements,Advancements and future directions in the application of machine learning to AC optimal power flow: A critical review,Energies,,Sections/3.Application.tex:32
2024,Application methods,Applications: optimal power flow and power systems,han2024frmnet,FRMNet: A Feasibility Restoration Mapping Deep Neural Network for AC Optimal Power Flow,IEEE Transactions on Power Systems,https://doi.org/10.1109/TPWRS.2024.3354733,Sections/3.Application.tex:21
2024,Application methods,Applications: optimal power flow and power systems,han2024equality,Equality-embedded augmented Lagrangian neural network for DC optimal power flow,IET Renewable Power Generation,https://doi.org/10.1049/rpg2.13048,Sections/3.Application.tex:21
2024,Application methods,Applications: physics-constrained learning and generation,liang2023generative,Generative Learning for Solving Non-Convex Problem with Multi-Valued Input-Solution Mapping,12th International Conference on Learning Representations (ICLR 2024),,Sections/Part2.tex:87
2024,Application methods,Applications: trajectory optimization and safe control,romer2024diffusion,Diffusion predictive control with constraints,arXiv preprint arXiv:2412.09342,https://arxiv.org/pdf/2412.09342,Sections/3.Application.tex:43
2024,Constrained generative models,Constrained generative models: guided generation and correction,cheng2024gradient,Gradient-free generation for hard-constrained systems,arXiv preprint arXiv:2412.01786,https://arxiv.org/pdf/2412.01786,Sections/Part2.tex:149
2024,Constrained generative models,Constrained generative models: reflected or constrained-domain sampling,deng2024reflected,Reflected Schrodinger Bridge for Constrained Generative Modeling,arXiv preprint arXiv:2401.03228,https://arxiv.org/pdf/2401.03228,Sections/Part2.tex:110
2024,Constrained generative models,Constrained generative models: training and fine-tuning,domingo2024adjoint,Adjoint matching: Fine-tuning flow and diffusion generative models with memoryless stochastic optimal control,arXiv preprint arXiv:2409.08861,https://arxiv.org/pdf/2409.08861,Sections/Part2.tex:160
2024,Constrained generative models,Constrained generative models: reflected or constrained-domain sampling,fishman2024metropolis,Metropolis sampling for constrained diffusion models,Advances in Neural Information Processing Systems,,Sections/Part2.tex:31
2024,Constrained generative models,Constrained generative models: guided generation and correction,huang2024constrained,Constrained Diffusion with Trust Sampling,The Thirty-eighth Annual Conference on Neural Information Processing Systems,https://openreview.net/forum?id=dJUb9XRoZI,Sections/Part2.tex:109
2024,Constrained generative models,Constrained generative models: reflected or constrained-domain sampling,kook2024gaussian,Gaussian cooling and dikin walks: The interior-point method for logconcave sampling,The Thirty Seventh Annual Conference on Learning Theory,,Sections/Part2.tex:106
2024,Constrained generative models,Constrained generative models: training and fine-tuning,li2024efficient,Efficient and Guaranteed-Safe Non-Convex Trajectory Optimization with Constrained Diffusion Model,arXiv preprint arXiv:2403.05571,https://arxiv.org/pdf/2403.05571,Sections/Part2.tex:38
2024,Constrained generative models,Constrained generative models: training and fine-tuning,uehara2024fine,Fine-tuning of continuous-time diffusion models as entropy-regularized control,arXiv preprint arXiv:2402.15194,https://arxiv.org/pdf/2402.15194,Sections/Part2.tex:160
2024,Hard-constrained prediction,Hard-constrained prediction: structured feasibility layers,bambade2024leveraging,Leveraging Augmented-Lagrangian Techniques for Differentiating over Infeasible Quadratic Programs in Machine Learning,The Twelfth International Conference on Learning Representations,https://openreview.net/forum?id=YCPDFfmkFr,Sections/Part1.tex:130
2024,Hard-constrained prediction,Hard-constrained prediction: provable guarantees and verification,bouvier2024policed,POLICEd RL: Learning closed-loop robot control policies with provable satisfaction of hard constraints,arXiv preprint arXiv:2403.13297,https://arxiv.org/pdf/2403.13297,Sections/Part1.tex:111
2024,Hard-constrained prediction,Hard-constrained prediction: structured feasibility layers,chalapathi2024scaling,Scaling physics-informed hard constraints with mixture-of-experts,The Twelfth International Conference on Learning Representations,https://openreview.net/forum?id=u3dX2CEIZb,Sections/Part1.tex:165
2024,Constrained generative models,Constrained generative models: guided generation and correction,christopher2024constrained,Constrained Synthesis with Projected Diffusion Models,The Thirty-eighth Annual Conference on Neural Information Processing Systems,,Sections/Part2.tex:174
2024,Constrained generative models,Constrained generative models: feasible-set parameterization,feng2024neural,Neural Approximate Mirror Maps for Constrained Diffusion Models,arXiv preprint arXiv:2406.12816,https://arxiv.org/pdf/2406.12816,Sections/Part2.tex:152
2024,Hard-constrained prediction,Hard-constrained prediction: Lagrangian and primal-dual training,gallego2024constrained,Constrained optimization for machine learning: algorithms and applications,PhD thesis,https://hdl.handle.net/1866/33886,Sections/Part1.tex:101
2024,Hard-constrained prediction,Hard-constrained prediction: Lagrangian and primal-dual training,elenter2024near,Near-Optimal Solutions of Constrained Learning Problems,The Twelfth International Conference on Learning Representations,https://openreview.net/forum?id=fDaLmkdSKU,Sections/Part1.tex:103
2024,Constrained generative models,Constrained generative models: training and fine-tuning,khalafi2024constrained,Constrained diffusion models via dual training,Advances in Neural Information Processing Systems,,Sections/Part2.tex:207
2024,Hard-constrained prediction,Hard-constrained prediction: structured feasibility layers,klamkin2024dual,Dual interior point optimization learning,arXiv preprint arXiv:2402.02596,https://arxiv.org/pdf/2402.02596,Sections/Part1.tex:176
2024,Hard-constrained prediction,Hard-constrained prediction: structured feasibility layers,konstantinov2024imposing,Imposing Star-Shaped Hard Constraints on the Neural Network Output,Mathematics,,Sections/4.Discussion.tex:27
2024,Hard-constrained prediction,Hard-constrained prediction: Lagrangian and primal-dual training,kotary2024learning,Learning constrained optimization with deep augmented lagrangian methods,arXiv preprint arXiv:2403.03454,https://arxiv.org/pdf/2403.03454,Sections/Part1.tex:105
2024,Hard-constrained prediction,Hard-constrained prediction: post-processing and projection,liang2024hp,Homeomorphic projection to ensure neural-network solution feasibility for constrained optimization,Journal of Machine Learning Research,,Sections/4.Discussion.tex:13
2024,Constrained generative models,Constrained generative models: feasible-set parameterization,liu2024mirror,Mirror diffusion models for constrained and watermarked generation,Advances in Neural Information Processing Systems,,Sections/Part2.tex:152
2024,Hard-constrained prediction,Hard-constrained prediction: Lagrangian and primal-dual training,park2024self,Self-supervised learning for large-scale preventive security constrained dc optimal power flow,IEEE Transactions on Power Systems,,Sections/Part1.tex:105
2024,Hard-constrained prediction,Hard-constrained prediction: post-processing and projection,sambharya2024learning,Learning to warm-start fixed-point optimization algorithms,Journal of Machine Learning Research,,Sections/4.Discussion.tex:24
2024,Hard-constrained prediction,Hard-constrained prediction: structured feasibility layers,tang2024learning,Learning to optimize for mixed-integer non-linear programming with feasibility guarantees,arXiv preprint arXiv:2410.11061,https://arxiv.org/pdf/2410.11061,Sections/Part1.tex:165
2024,Hard-constrained prediction,Hard-constrained prediction: Lagrangian and primal-dual training,tanneau2024dual,Dual lagrangian learning for conic optimization,Advances in Neural Information Processing Systems,,Sections/4.Discussion.tex:27
2024,Hard-constrained prediction,Hard-constrained prediction: provable guarantees and verification,tao2024provable,Provable Editing of Deep Neural Networks using Parametric Linear Relaxation,Advances in Neural Information Processing Systems,,Sections/Part1.tex:52
2024,Hard-constrained prediction,Hard-constrained prediction: structured feasibility layers,zeng2024glinsat,GLinSAT: The general linear satisfiability neural network layer by accelerated gradient descent,Advances in Neural Information Processing Systems,,Sections/Part1.tex:165
2024,Hard-constrained prediction,Hard-constrained prediction: structured feasibility layers,zeng2024qcqp,QCQP-Net: Reliably Learning Feasible Alternating Current Optimal Power Flow Solutions Under Constraints,arXiv preprint arXiv:2401.06820,https://arxiv.org/pdf/2401.06820,Sections/Part1.tex:163
2025,Application methods,Applications: optimal power flow and power systems,hoseinpour2025constrained,Constrained diffusion models for synthesizing representative power flow datasets,arXiv preprint arXiv:2506.11281,https://arxiv.org/pdf/2506.11281,Sections/3.Application.tex:32
2025,Application methods,Applications: optimal power flow and power systems,hoseinpour2025diffopf,DiffOPF: Diffusion Solver for Optimal Power Flow,arXiv preprint arXiv:2510.14075,https://arxiv.org/pdf/2510.14075,Sections/3.Application.tex:32
2025,Application methods,Applications: optimal power flow and power systems,li5854385towards,Towards Trustworthy Learning for Optimal Power Flow: A Physics-informed Diffusion Model,Available at SSRN 5854385,https://ssrn.com/abstract=5854385,Sections/3.Application.tex:32
2025,Application methods,Applications: optimal power flow and power systems,liang2025chanceopf,Solving Chance-Constrained AC-OPF Problem by Neural Network with Bisection-based Projection,The 16th ACM International Conference on Future and Sustainable Energy Systems,https://doi.org/10.1145/3679240.3734656,Sections/3.Application.tex:21
2025,Application methods,Applications: trajectory optimization and safe control,jung2025joint,Joint Model-based Model-free Diffusion for Planning with Constraints,arXiv preprint arXiv:2509.08775,https://arxiv.org/pdf/2509.08775,Sections/3.Application.tex:43
2025,Constrained generative models,Constrained generative models: training and fine-tuning,khalafi2025composition,Composition and alignment of diffusion models using constrained learning,The Thirty-ninth Annual Conference on Neural Information Processing Systems,https://proceedings.neurips.cc/paper_files/paper/2025/file/1af991de2d4c4e679bcc5d9e23ac6bae-Paper-Conference.pdf,Sections/Part2.tex:130
2025,Application methods,Applications: trajectory optimization and safe control,kurtz2025equality,Equality constrained diffusion for direct trajectory optimization,2025 American Control Conference (ACC),,Sections/3.Application.tex:43
2025,Application methods,Applications: trajectory optimization and safe control,li2025aligning,Aligning diffusion model with problem constraints for trajectory optimization,arXiv preprint arXiv:2504.00342,https://arxiv.org/pdf/2504.00342,Sections/3.Application.tex:43
2024,Application methods,Applications: trajectory optimization and safe control,liang2024multiagent,Multi-Agent Path Finding in Continuous Spaces with Projected Diffusion Models,arXiv preprint arXiv:2412.17993,https://arxiv.org/pdf/2412.17993,Sections/3.Application.tex:27
2025,Application methods,Applications: trajectory optimization and safe control,liang2025simultaneous,Simultaneous multi-robot motion planning with projected diffusion models,arXiv preprint arXiv:2502.03607,https://arxiv.org/pdf/2502.03607,Sections/3.Application.tex:43
2025,Application methods,Applications: physics-constrained learning and generation,zeni2025generative,A generative model for inorganic materials design,Nature,,Sections/3.Application.tex:68
2025,Application methods,Applications: trajectory optimization and safe control,zhang2025constrained,Constrained diffusers for safe planning and control,arXiv preprint arXiv:2506.12544,https://arxiv.org/pdf/2506.12544,Sections/3.Application.tex:43
2025,Constrained generative models,Constrained generative models: push-forward and explicit sample maps,frans2025one,One Step Diffusion via Shortcut Models,The Thirteenth International Conference on Learning Representations,https://openreview.net/forum?id=OlzB6LnXcS,Sections/Part2.tex:38
2025,Constrained generative models,Constrained generative models: push-forward and explicit sample maps,geng2025mean,Mean Flows for One-step Generative Modeling,The Thirty-ninth Annual Conference on Neural Information Processing Systems,https://openreview.net/forum?id=uWj4s7rMnR,Sections/Part2.tex:38
2025,Constrained generative models,Constrained generative models: guided generation and correction,graikos2025fast,Fast constrained sampling in pre-trained diffusion models,The Thirty-ninth Annual Conference on Neural Information Processing Systems,https://openreview.net/forum?id=3kVM0m60Q5,Sections/Part2.tex:156
2025,Constrained generative models,Constrained generative models: guided generation and correction,jayaram2025linearly,Linearly Constrained Diffusion Implicit Models,The Thirty-ninth Annual Conference on Neural Information Processing Systems,https://openreview.net/forum?id=TYGDG9zEML,Sections/Part2.tex:156
2025,Constrained generative models,Constrained generative models: guided generation and correction,jeon2025fast,Fast Non-Log-Concave Sampling under Nonconvex Equality and Inequality Constraints with Landing,arXiv preprint arXiv:2510.22044,https://arxiv.org/pdf/2510.22044,Sections/Part2.tex:156
2025,Constrained generative models,Constrained generative models: guided generation and correction,lee2025local,Local Manifold Approximation and Projection for Manifold-Aware Diffusion Planning,Forty-second International Conference on Machine Learning,https://openreview.net/forum?id=EHG5Iv1mmb,Sections/Part2.tex:109
2025,Constrained generative models,Constrained generative models: guided generation and correction,li2025hardflow,HardFlow: Hard-Constrained Sampling for Flow-Matching Models via Trajectory Optimization,arXiv preprint arXiv:2511.08425,https://arxiv.org/pdf/2511.08425,Sections/4.Discussion.tex:30
2025,Constrained generative models,Constrained generative models: guided generation and correction,ma2025constraint,Constraint-Aware Diffusion Guidance for Robotics: Real-Time Obstacle Avoidance for Autonomous Racing,arXiv preprint arXiv:2505.13131,https://arxiv.org/pdf/2505.13131,Sections/3.Application.tex:43
2025,Constrained generative models,Constrained generative models: guided generation and correction,narasimhan2025constrained,Constrained Posterior Sampling: Time Series Generation with Hard Constraints,The Thirty-ninth Annual Conference on Neural Information Processing Systems,https://proceedings.neurips.cc/paper_files/paper/2025/file/9b01c4a7d3fc49875dad3c13848bcd9e-Paper-Conference.pdf,Sections/Part2.tex:115
2025,Constrained generative models,Constrained generative models: guided generation and correction,christopher2025constrained,Constrained Diffusion for Protein Design with Hard Structural Constraints,arXiv preprint arXiv:2510.14989,https://arxiv.org/pdf/2510.14989,Sections/Part2.tex:109
2025,Constrained generative models,Constrained generative models: training and fine-tuning,smith2025calibrating,Calibrating Generative Models,arXiv preprint arXiv:2510.10020,https://arxiv.org/pdf/2510.10020,Sections/Part2.tex:160
2025,Constrained generative models,Constrained generative models: training and fine-tuning,tauberschmidt2025physics,Physics-Constrained Fine-Tuning of Flow-Matching Models for Generation and Inverse Problems,arXiv preprint arXiv:2508.09156,https://arxiv.org/pdf/2508.09156,Sections/3.Application.tex:43
2025,Constrained generative models,Constrained generative models: guided generation and correction,yeom2025softly,Softly Constrained Denoisers for Diffusion Models,arXiv preprint arXiv:2512.14980,https://arxiv.org/pdf/2512.14980,Sections/4.Discussion.tex:30
2025,Constrained generative models,Constrained generative models: guided generation and correction,zhang2025improving,Improving Diffusion-based Inverse Algorithms under Few-Step Constraint via Linear Extrapolation,The Thirty-ninth Annual Conference on Neural Information Processing Systems,https://openreview.net/forum?id=EGYwfs4XhI,Sections/Part2.tex:156
2025,Constrained generative models,Constrained generative models: guided generation and correction,zhu2025unidb,UniDB: A Unified Diffusion Bridge Framework via Stochastic Optimal Control,arXiv preprint arXiv:2502.05749,https://arxiv.org/pdf/2502.05749,Sections/Part2.tex:160
2025,Hard-constrained prediction,Hard-constrained prediction: provable guarantees and verification,ataei2025mpolice,mPOLICE: Provable Enforcement of Multi-Region Affine Constraints in Deep Neural Networks,arXiv preprint arXiv:2502.02434,https://arxiv.org/pdf/2502.02434,Sections/Part1.tex:111
2025,Hard-constrained prediction,Hard-constrained prediction: Lagrangian and primal-dual training,barthakur2025learning,Learning with Statistical Equality Constraints,arXiv preprint arXiv:2511.14320,https://arxiv.org/pdf/2511.14320,Sections/Part1.tex:103
2025,Hard-constrained prediction,Hard-constrained prediction: Lagrangian and primal-dual training,boero2025cole,AL-CoLe: Augmented Lagrangian for Constrained Learning,arXiv preprint arXiv:2510.20995,https://arxiv.org/pdf/2510.20995,Sections/Part1.tex:101
2025,Constrained generative models,Constrained generative models: guided generation and correction,cardei2025constrained,Constrained discrete diffusion,arXiv preprint arXiv:2503.09790,https://arxiv.org/pdf/2503.09790,Sections/Part2.tex:174
2025,Hard-constrained prediction,Hard-constrained prediction: provable guarantees and verification,chung2025provably,Provably-safe neural network training using hybrid zonotope reachability analysis,2025 IEEE 64th Conference on Decision and Control (CDC),,Sections/Part1.tex:111
2025,Hard-constrained prediction,Hard-constrained prediction: structured feasibility layers,constante2025enforcing,Enforcing Hard Linear Constraints in Deep Learning Models with Decision Rules,The Thirty-ninth Annual Conference on Neural Information Processing Systems,https://openreview.net/forum?id=gjiCml2CNG,Sections/4.Discussion.tex:27
2025,Hard-constrained prediction,Hard-constrained prediction: feasible-set parameterization,deng2025hop,HoP: Homeomorphic Polar Learning for Hard Constrained Optimization,arXiv preprint arXiv:2502.00304,https://arxiv.org/pdf/2502.00304,Sections/Part1.tex:201
2025,Constrained generative models,Constrained generative models: feasible-set parameterization,diederen2025flows,Flows on convex polytopes,arXiv preprint arXiv:2503.10232,https://arxiv.org/pdf/2503.10232,Sections/Part2.tex:152
2025,Hard-constrained prediction,Hard-constrained prediction: penalty/adversarial training,giraud2025neural,Neural Networks for AC Optimal Power Flow: Improving Worst-Case Guarantees during Training,arXiv preprint arXiv:2510.23196,https://arxiv.org/pdf/2510.23196,Sections/Part1.tex:94
2025,Hard-constrained prediction,Hard-constrained prediction: feasible-set parameterization,karalias2025geometric,Geometric Algorithms for Neural Combinatorial Optimization with Constraints,The Thirty-ninth Annual Conference on Neural Information Processing Systems,https://openreview.net/forum?id=EPDLFWyNnF,Sections/Part1.tex:192
2025,Hard-constrained prediction,Hard-constrained prediction: structured feasibility layers,lastrucci2025enforce,ENFORCE: Nonlinear constrained learning with adaptive-depth neural projection,arXiv preprint arXiv:2502.06774,https://arxiv.org/pdf/2502.06774,Sections/Part1.tex:165
2025,Hard-constrained prediction,Hard-constrained prediction: post-processing and projection,liang2024bis,Efficient Bisection Projection to Ensure Neural-Network Solution Feasibility for Optimization over General Set,Proceedings of the Forty-second International Conference on Machine Learning,,Sections/Part1.tex:127
2025,Hard-constrained prediction,Hard-constrained prediction: feasible-set parameterization,liu2025fast,Fast Projection-Free Approach (without Optimization Oracle) for Optimization over Compact Convex Set,The Thirty-ninth Annual Conference on Neural Information Processing Systems,,Sections/Part1.tex:201
2025,Hard-constrained prediction,Hard-constrained prediction: decision-focused feasibility,mandi2026feasibilityaware,Feasibility-Aware Decision-Focused Learning for Predicting Parameters in the Constraints,The Thirty-ninth Annual Conference on Neural Information Processing Systems,https://openreview.net/forum?id=eTmvwxohRx,Sections/3.Application.tex:17
2025,Hard-constrained prediction,Hard-constrained prediction: Lagrangian and primal-dual training,manolache2025learning,Learning (approximately) equivariant networks via constrained optimization,arXiv preprint arXiv:2505.13631,https://arxiv.org/pdf/2505.13631,Sections/Part1.tex:101
2025,Constrained generative models,Constrained generative models: guided generation and correction,naderiparizi2025constrained,Constrained generative modeling with manually bridged diffusion models,Proceedings of the AAAI Conference on Artificial Intelligence,,Sections/Part2.tex:174
2025,Hard-constrained prediction,Hard-constrained prediction: structured feasibility layers,nguyen2025fsnet,FSNet: Feasibility-Seeking Neural Network for Constrained Optimization with Guarantees,The Thirty-ninth Annual Conference on Neural Information Processing Systems,https://openreview.net/forum?id=oum1txoy1D,Sections/Part1.tex:165
2025,Hard-constrained prediction,Hard-constrained prediction: learned constraints and feasibility guarantees,ovalle2026conformal,Conformal Mixed-Integer Constraint Learning with Feasibility Guarantees,The Thirty-ninth Annual Conference on Neural Information Processing Systems,https://openreview.net/forum?id=ZvUZvT8tgg,Sections/3.Application.tex:17
2025,Hard-constrained prediction,Hard-constrained prediction: Lagrangian and primal-dual training,owerko2025learning,Learning Optimal Power Flow with Pointwise Constraints,arXiv preprint arXiv:2510.20777,https://arxiv.org/pdf/2510.20777,Sections/Part1.tex:101
2025,Hard-constrained prediction,Hard-constrained prediction: structured feasibility layers,rashwan2025enforcing,Enforcing convex constraints in Graph Neural Networks,arXiv preprint arXiv:2510.11227,https://arxiv.org/pdf/2510.11227,Sections/Part1.tex:165
2025,Hard-constrained prediction,Hard-constrained prediction: provable guarantees and verification,tao2025provable,Provable Gradient Editing of Deep Neural Networks,The Thirty-ninth Annual Conference on Neural Information Processing Systems,,Sections/Part1.tex:113
2025,Hard-constrained prediction,Hard-constrained prediction: structured feasibility layers,utkarsh2025end,End-to-end probabilistic framework for learning with hard constraints,arXiv preprint arXiv:2506.07003,https://arxiv.org/pdf/2506.07003,Sections/Part1.tex:165
2025,Hard-constrained prediction,Hard-constrained prediction: structured feasibility layers,wu2025constraint,Constraint boundary wandering framework: Enhancing constrained optimization with deep neural networks,IEEE Transactions on Pattern Analysis and Machine Intelligence,,Sections/Part1.tex:165
2025,Application methods,Applications: trajectory optimization and safe control,yang2025uniconflow,UniConFlow: A Unified Constrained Flow-Matching Framework for Certified Motion Planning,arXiv preprint arXiv:2506.02955,https://arxiv.org/pdf/2506.02955,Sections/3.Application.tex:29
2025,Constrained generative models,Constrained generative models: guided generation and correction,zampini2025trainingfree,Training-Free Constrained Generation With Stable Diffusion Models,The Thirty-ninth Annual Conference on Neural Information Processing Systems,https://openreview.net/forum?id=TrNB08KuHK,Sections/Part2.tex:174
2025,Hard-constrained prediction,Hard-constrained prediction: Lagrangian and primal-dual training,zhang2025alignment,Alignment of large language models with constrained learning,arXiv preprint arXiv:2505.19387,https://arxiv.org/pdf/2505.19387,Sections/Part1.tex:101
2025,Hard-constrained prediction,Hard-constrained prediction: structured feasibility layers,zhu2025t,T-SKM-Net: Trainable Neural Network Framework for Linear Constraint Satisfaction via Sampling Kaczmarz-Motzkin Method,arXiv preprint arXiv:2512.10461,https://arxiv.org/pdf/2512.10461,Sections/Part1.tex:165
2026,Application methods,"Applications: molecule, material, and protein generation",chen2026physically,Physically Valid Biomolecular Interaction Modeling with Gauss-Seidel Projection,The Fourteenth International Conference on Learning Representations,https://openreview.net/forum?id=sJABnBEYeh,Sections/3.Application.tex:53
2026,Application methods,Applications: optimal power flow and power systems,chen2026hardconstrained,A hard-constrained NN learning framework for rapidly restoring AC-OPF from DC-OPF,arXiv preprint arXiv:2602.06255,https://arxiv.org/pdf/2602.06255,Sections/4.Discussion.tex:31
2026,Application methods,Applications: combinatorial optimization and exact solvers,chen2026maxcut,Solving Max-Cut to Global Optimality via Feasibility-Preserving Graph Neural Networks,arXiv preprint arXiv:2605.07113,https://arxiv.org/pdf/2605.07113,Sections/4.Discussion.tex:31
2026,Application methods,Applications: trajectory optimization and manipulation,li2026momagen,MoMaGen: Generating Demonstrations under Soft and Hard Constraints for Multi-Step Bimanual Mobile Manipulation,The Fourteenth International Conference on Learning Representations,https://openreview.net/forum?id=bGPDviEtZ1,Sections/3.Application.tex:35
2026,Application methods,Applications: trajectory optimization and safe control,liang2025discrete,Discrete-guided diffusion for scalable and safe multi-robot motion planning,Proceedings of the AAAI Conference on Artificial Intelligence,https://ojs.aaai.org/index.php/AAAI/article/download/39512/43473,Sections/3.Application.tex:27
2026,Application methods,Applications: trajectory optimization and safe control,liu2025guideflow,GuideFlow: Constraint-guided flow matching for planning in end-to-end autonomous driving,Proceedings of the IEEE/CVF Conference on Computer Vision and Pattern Recognition,https://openaccess.thecvf.com/content/CVPR2026/papers/Liu_GuideFlow_Constraint-Guided_Flow_Matching_for_Planning_in_End-to-End_Autonomous_Driving_CVPR_2026_paper.pdf,Sections/3.Application.tex:27
2026,Application methods,"Applications: molecule, material, and protein generation",cui2026constrained,Constrained Diffusion for Accelerated Structure Relaxation of Inorganic Solids with Point Defects,NeurIPS 2025 AI4Mat Workshop,https://arxiv.org/pdf/2602.19153,Sections/3.Application.tex:41
2026,Constrained generative models,Constrained generative models: guided generation and correction,gao2026terminally,Terminally constrained flow-based generative models from an optimal control perspective,arXiv preprint arXiv:2601.09474,https://arxiv.org/pdf/2601.09474,Sections/4.Discussion.tex:30
2026,Constrained generative models,Constrained generative models: guided generation and correction,kim2026fastdips,FAST-DIPS: Adjoint-Free Analytic Steps and Hard-Constrained Likelihood Correction for Diffusion-Prior Inverse Problems,The Fourteenth International Conference on Learning Representations,https://openreview.net/forum?id=voMeZVAkKL,Sections/Part2.tex:109
2026,Constrained generative models,Constrained generative models: guided generation and correction,yang2026safeflowmatcher,SafeFlowMatcher: Safe and Fast Planning Using Flow Matching with Control Barrier Functions,The Fourteenth International Conference on Learning Representations,https://openreview.net/forum?id=refcXHU1Nh,Sections/Part2.tex:120
2026,Constrained generative models,Constrained generative models: reflected or constrained-domain sampling,jeon2026efficient,Efficient Diffusion Models under Nonconvex Equality and Inequality Constraints via Landing,Proceedings of the 43rd International Conference on Machine Learning,https://arxiv.org/pdf/2604.17838,Sections/Part2.tex:124
2026,Constrained generative models,Constrained generative models: training and fine-tuning,christopher2026constraintaware,Constraint-Aware Flow Matching: Decision Aligned End-to-End Training for Constrained Sampling,arXiv preprint arXiv:2605.12754,https://arxiv.org/pdf/2605.12754,Sections/Part2.tex:130
2026,Hard-constrained prediction,Hard-constrained prediction: structured feasibility layers,chu2026snarenet,SnareNet: Flexible Repair Layers for Neural Networks with Hard Constraints,arXiv preprint arXiv:2602.09317,https://arxiv.org/pdf/2602.09317,Sections/Part1.tex:170
2026,Hard-constrained prediction,Hard-constrained prediction: provable guarantees and verification,cao2026scpo,Constrained Policy Optimization via Sampling-Based Weight-Space Projection,arXiv preprint arXiv:2512.13788,https://arxiv.org/pdf/2512.13788,Sections/4.Discussion.tex:8
2026,Hard-constrained prediction,Hard-constrained prediction: post-processing and projection,chzhen2026improving,Improving Feasibility via Fast Autoencoder-Based Projections,The Fourteenth International Conference on Learning Representations,https://openreview.net/forum?id=dVlkUtsyg7,Sections/Part1.tex:127
2026,Hard-constrained prediction,Hard-constrained prediction: structured feasibility layers,goertzen2026hardnetpp,HardNet++: Nonlinear Constraint Enforcement in Neural Networks,arXiv preprint arXiv:2604.19669,https://arxiv.org/pdf/2604.19669,Sections/4.Discussion.tex:8
2026,Hard-constrained prediction,Hard-constrained prediction: structured feasibility layers,grontas2025pinet,Pinet: Optimizing hard-constrained neural networks with orthogonal projection layers,The Fourteenth International Conference on Learning Representations,https://openreview.net/forum?id=EJ680UQeZG,Sections/Part1.tex:165
2026,Hard-constrained prediction,Hard-constrained prediction: Lagrangian and primal-dual training,hadou2026unrolled,Unrolled Neural Networks for Constrained Optimization,arXiv preprint arXiv:2601.17274,https://arxiv.org/pdf/2601.17274,Sections/Part1.tex:105
2026,Hard-constrained prediction,Hard-constrained prediction: structured feasibility layers,oshin2026deep,Deep FlexQP: Accelerated Nonlinear Programming via Deep Unfolding,The Fourteenth International Conference on Learning Representations,https://openreview.net/forum?id=HL3TvE4Afm,Sections/Part1.tex:135
2026,Constrained generative models,Constrained generative models: feasible-set parameterization,roos2026categorical,Categorical Flow Maps,arXiv preprint arXiv:2602.12233,https://arxiv.org/pdf/2602.12233,Sections/Part2.tex:152
2026,Hard-constrained prediction,Hard-constrained prediction: feasible-set parameterization,schneider2026soft,Soft-Radial Projection for Constrained End-to-End Learning,arXiv preprint arXiv:2602.03461,https://arxiv.org/pdf/2602.03461,Sections/Part1.tex:229
2026,Hard-constrained prediction,Hard-constrained prediction: structured feasibility layers,tang2026lminet,LMI-Net: Linear Matrix Inequality-Constrained Neural Networks via Differentiable Projection Layers,arXiv preprint arXiv:2604.05374,https://arxiv.org/pdf/2604.05374,Sections/4.Discussion.tex:8
2026,Hard-constrained prediction,Hard-constrained prediction: Lagrangian and primal-dual training,yang2026breaking,Breaking Safety Paradox with Feasible Dual Policy Iteration,The Fourteenth International Conference on Learning Representations,https://openreview.net/forum?id=BHSSV1nHvU,Sections/Part1.tex:72
2026,Hard-constrained prediction,Hard-constrained prediction: structured feasibility layers,zhao2026caffnet,CAffNet: Hard Constraint-Affine Neural Networks,arXiv preprint arXiv:2605.24437,https://arxiv.org/pdf/2605.24437,Sections/Part1.tex:192
